NO,Year,Country
1,2008/2009,Belgium
1,2008/2009,England
1,2008/2009,France
1,2008/2009,Germany
1,2008/2009,Italy
1,2008/2009,Netherlands
1,2008/2009,Poland
1,2008/2009,Portugal
1,2008/2009,Scotland
1,2008/2009,Spain
1,2008/2009,Switzerland
2,2009/2010,Belgium
2,2009/2010,England
2,2009/2010,France
2,2009/2010,Germany
2,2009/2010,Italy
2,2009/2010,Netherlands
2,2009/2010,Poland
2,2009/2010,Portugal
2,2009/2010,Scotland
2,2009/2010,Spain
2,2009/2010,Switzerland
3,2010/2011,Belgium
3,2010/2011,England
3,2010/2011,France
3,2010/2011,Germany
3,2010/2011,Italy
3,2010/2011,Netherlands
3,2010/2011,Poland
3,2010/2011,Portugal
3,2010/2011,Scotland
3,2010/2011,Spain
3,2010/2011,Switzerland
4,2011/2012,Belgium
4,2011/2012,England
4,2011/2012,France
4,2011/2012,Germany
4,2011/2012,Italy
4,2011/2012,Netherlands
4,2011/2012,Poland
4,2011/2012,Portugal
4,2011/2012,Scotland
4,2011/2012,Spain
4,2011/2012,Switzerland
5,2012/2013,Belgium
5,2012/2013,England
5,2012/2013,France
5,2012/2013,Germany
5,2012/2013,Italy
5,2012/2013,Netherlands
5,2012/2013,Poland
5,2012/2013,Portugal
5,2012/2013,Scotland
5,2012/2013,Spain
5,2012/2013,Switzerland
6,2013/2014,Belgium
6,2013/2014,England
6,2013/2014,France
6,2013/2014,Germany
6,2013/2014,Italy
6,2013/2014,Netherlands
6,2013/2014,Poland
6,2013/2014,Portugal
6,2013/2014,Scotland
6,2013/2014,Spain
6,2013/2014,Switzerland
7,2014/2015,Belgium
7,2014/2015,England
7,2014/2015,France
7,2014/2015,Germany
7,2014/2015,Italy
7,2014/2015,Netherlands
7,2014/2015,Poland
7,2014/2015,Portugal
7,2014/2015,Scotland
7,2014/2015,Spain
7,2014/2015,Switzerland
8,2015/2016,Belgium
8,2015/2016,England
8,2015/2016,France
8,2015/2016,Germany
8,2015/2016,Italy
8,2015/2016,Netherlands
8,2015/2016,Poland
8,2015/2016,Portugal
8,2015/2016,Scotland
8,2015/2016,Spain
8,2015/2016,Switzerland
